id;comments;createdat;updatedat;deletedat
1;Baby models Guinea;2023-03-09T05:01:01;2023-03-09T14:52:58;2023-03-09T04:44:10
2;system;2023-03-09T05:28:31;2023-03-09T07:08:58;2023-03-09T12:04:18
3;Account;2023-03-09T13:02:23;2023-03-09T14:39:28;2023-03-09T08:55:27
4;payment;2023-03-08T18:24:29;2023-03-09T12:11:44;2023-03-08T20:43:03
5;card digital SDD;2023-03-08T20:23:52;2023-03-09T05:12:40;2023-03-08T18:38:17
6;array;2023-03-09T01:47:46;2023-03-09T12:19:20;2023-03-09T10:52:45
7;Factors;2023-03-09T15:31:24;2023-03-09T03:45:38;2023-03-09T02:30:34
8;Oregon;2023-03-09T04:23:59;2023-03-09T16:30:13;2023-03-09T15:48:01
9;Concrete Philippine Table;2023-03-09T16:59:22;2023-03-09T07:34:12;2023-03-08T18:59:41
10;input payment;2023-03-09T07:53:44;2023-03-09T16:50:48;2023-03-08T17:32:43
