id;processed_on;createdat;updatedat
1;Advanced;2023-03-09T03:33:11;2023-03-09T00:34:50
2;white Analyst;2023-03-08T22:14:58;2023-03-09T03:53:20
3;Arkansas;2023-03-08T20:09:51;2023-03-09T10:14:56
4;Account SAS quantify;2023-03-09T00:14:43;2023-03-09T08:04:09
5;online process;2023-03-08T21:07:24;2023-03-09T17:21:16
6;Steel hacking;2023-03-08T21:47:27;2023-03-08T19:36:17
7;Borders;2023-03-09T04:22:20;2023-03-08T23:47:38
8;models e-tailers;2023-03-09T03:51:35;2023-03-09T10:40:22
9;homogeneous Borders;2023-03-08T22:56:46;2023-03-08T22:35:45
10;system;2023-03-08T17:49:45;2023-03-09T03:43:40
