id;name;createdat;updatedat
1;index Tactics;2023-03-09T07:15:07;2023-03-09T00:14:44
2;Money;2023-03-08T20:36:36;2023-03-09T14:32:56
3;multi-byte Islands Fork;2023-03-09T04:52:59;2023-03-09T06:45:57
4;Lead Marketing Nuevo;2023-03-09T04:23:29;2023-03-09T00:57:53
5;redundant;2023-03-09T06:37:54;2023-03-09T13:42:26
6;Mountains Passage;2023-03-08T18:10:37;2023-03-09T09:51:35
7;capability Arabia Credit;2023-03-09T15:43:40;2023-03-09T17:08:02
8;Corner Arizona one-to-one;2023-03-09T01:11:43;2023-03-09T15:50:13
9;Guinea-Bissau;2023-03-09T10:56:29;2023-03-09T11:44:57
10;Designer;2023-03-09T03:57:27;2023-03-09T15:10:42
