id;rating;comment;created_at;updated_at;deleted_at;version;user_id;review_manager_id;performance_cycle_id
1;back-en;Berkshire Overpass;2023-03-09T06:33:14;2023-03-09T12:39:49;2023-03-09T01:39:11;4843;1;1;1
2;Bike Mu;scalable silver navigate;2023-03-09T12:37:13;2023-03-09T14:50:06;2023-03-08T21:52:03;55489;2;2;2
3;connect;Operations;2023-03-09T13:05:37;2023-03-09T16:17:28;2023-03-09T12:30:31;99601;3;3;3
4;Assimil;deposit;2023-03-09T05:13:06;2023-03-09T05:28:22;2023-03-09T14:12:36;22308;4;4;4
5;content;Movies Shirt;2023-03-09T11:38:02;2023-03-09T01:25:08;2023-03-09T13:41:57;74057;5;5;5
6;Wells;red Incredible;2023-03-09T09:14:20;2023-03-09T01:36:43;2023-03-08T17:55:08;13255;6;6;6
7;program;infrastructures e-services input;2023-03-09T17:21:58;2023-03-09T09:05:14;2023-03-09T01:58:00;80547;7;7;7
8;Haven;deposit SSL interface;2023-03-09T00:48:21;2023-03-09T04:23:35;2023-03-08T19:49:06;15756;8;8;8
9;Algeria;national Global workforce;2023-03-08T20:09:24;2023-03-08T20:48:55;2023-03-09T09:10:10;96886;9;9;9
10;indexin;Burundi;2023-03-08T19:49:46;2023-03-09T07:12:33;2023-03-09T00:15:11;90415;10;10;10
